城市,代码
苏右旗,
朱日和,
阿城,acheng
昂昂溪,angangxiqu
爱民,aiminqu
安达,anda
爱辉,aihui
安图,antu
鞍山,anshan
阿旗,aluqi
敖汉,aohan
阿鲁科尔沁旗,alukeer
阿巴嘎,abaga
阿荣旗,arongqi
阿尔山,aershan
阿拉善盟,alashanmeng
阿拉善左旗,alashanzuoqi
阿拉善右旗,alashanyouqi
安新,anxin
安国,anguo
安次,anciqu
安平,anping
安泽,anze
安塞,ansai
安康,ankang
安丘,anqiu
阿拉尔,alaer
阿克苏,akesu
阿瓦提,awati
阿瓦提,awat
阿勒泰,aletai
阿图什,atushi
阿克陶,aketao
阿合奇,aheqi
阿拉山口,alashankou
昂仁,angren
安多,anduo
阿里,ali
安宁,anningqu
安定,anding
阿克塞,akesai
安阳,anyang
安阳,anyangxian
安陆,anlu
安吉,anji
安庆,anqing
安溪,anxi
安义,anyi
安福,anfu
安远,anyuan
安源,anyuanqu
安仁,anren
安乡,anxiang
安化,anhua
安顺,anshun
安龙,anlong
安县,anxian
安州,anzhouqu
安居,anjuqu
安岳,anyue
阿坝,aba
安宁,anning
都安,andu
澳门,aomen
新城,aomenxincheng
北京,beijing
宝山,baoshan
宝坻,baodi
北辰,beichen
滨海,binhaixinqu
北碚,beibei
巴南,banan
璧山,bishan
宾县,binxian
巴彦,bayan
拜泉,baiquan
北林区,beilinqu
北安,beian
勃利,boli
宝清,baoqing
白城,baicheng
白山,baishan
八道江,baishanqu
本溪,benxi
本溪满族,benximanzu
北镇,beizhen
鲅鱼圈,bayuquanqu
白塔,baita
北票,beipiao
包头,baotou
白云鄂博,baiyunebo
巴雅尔吐胡硕,bayaertuhushuo
巴林左旗,balinzuoqi
巴林右旗,balinyouqi
八里罕,balihan
宝国吐,baoguotu
巴彦淖尔,bayanzhuoer
博克图,boketu
保定,baoding
博野,boye
北市,beishiqu
霸州,bazhou
泊头,botou
柏乡,baixiang
北戴河,beidaihe
保德,bode
碑林,beilin
灞桥,baqiaoqu
彬州,binxian1
宝塔,baotaqu
白水,baishui
白河,baihe
宝鸡,baoji
博山,boshan
滨州,binzhou
博兴,boxing
滨城,binxianqu
白杨沟,baiyanggou
白碱滩,baijiantan
巴音布鲁克,bayinbuluke
博湖,bohu
巴仑台,baluntai
巴州,bazhou1
拜城,baicheng1
巴楚,bachu
巴里坤,balikun
布尔津,buerjin
博乐,bole
博州,bozhou
白朗,bailang
波密,bomi
巴宜,bayiqu
边坝,bianba
八宿,basu
班戈,bange
巴青,baqing
比如,biru
班玛,banma
白银,baiyin
白银,baiyinqu
北关,beiguanqu
宝丰,baofeng
博爱,boai
泌阳,biyang
白下,baixiaqu
北塘,beitangqu
滨湖,binhuqu
宝应,baoying
滨海,binhai
保康,baokang
巴东,badong
滨江,binjianqu
北仑,beilun
包河,baohequ
蚌埠,bengbu
蚌山,bengshanqu
八公山,bagong-mountainqu
博望,bowang
亳州,bozhou2
北湖,beihuqu
北塔,beitaqu
保靖,baojing
贵阳白云,guiyangbaiyun
碧江,bijiangqu
播州,bozhouqu
毕节,bijie
北川,beichuan
巴中,bazhong
布拖,butuo
宝兴,baoxing
白玉,baiyu
巴塘,batang
广州白云,baiyun
博罗,boluo
宝安,baoanqu
宾川,binchuan
保山,baoshan1
宾阳,binyang
八步,babu
博白,bobai
北流,beiliu
百色,baise
巴马,bama
北海,beihai
白沙黎族,baisha
保亭黎族苗族,baotinglizumiaozu
朝阳,chaoyang
昌平,changping
崇明,chongming
长宁,changningqu
重庆,chongqing
长寿,changshou
城口,chengkou
翠峦,cuiluanqu
城子河,chengzihequ
长春,changchun
朝阳,chaoyangqu
船营,chuanyingqu
昌邑,changyiqu
长岭,changling
长白,changbai
长海,changhai
昌图,changtu
朝阳,chaoyang1
朝阳,chaoyangxian
察右前旗,cahaeryouqian
察右中旗,chahaeryouzhong
察右后旗,chahaeryouhou
赤峰,chifeng
陈旗,chenqi
陈巴尔虎旗,chenbaerhu
长安,changanqu
赤城,chicheng
崇礼,chongli
承德,chengde
承德,chengdexian
曹妃甸,caofeidian
沧州,cangzhou
沧县,cangxian
成安,chengan
磁县,cixian
丛台,congtaiqu
昌黎,changli
城区,yangquanjiaoqu
长治,changzhi
长治,changzhixian
长安,changan
淳化,chunhua
长武,changwu
澄城,chengcheng
城固,chenggu
陈仓,chencang
长清,changqing
城阳,chengyangqu
长岛,changdao
昌乐,changle
昌邑,changyi
苍山,cangshan
曹县,caoxian
成武,chengwu
成山头,chengshantou
茌平,chiping
昌吉,changji
蔡家湖,caijiahu
察布查尔,chabuchaer
策勒,cele
拉萨城关,lasachengguanqu
错那,cuona
措美,cuomei
察隅,chayu
昌都,changdu
察雅,chaya
措勤,cuoqin
城东,chengdongqu
城西,chengxiqu
城北,chengbeiqu
西宁,xiningchengzhongqu
称多,chenduo
城关,chengguan
崇信,chongxin
成县,chengxian
长垣,changyuan
长葛,changge
瀍河回族,chanhequ
川汇,chuanhuiqu
崇安,chonganqu
常熟,changshu
沧浪,canglangqu
崇川,chongchuanqu
楚州,chuzhou
常州,changzhou
蔡甸,caidian
赤壁,chibi
崇阳,chongyang
长阳,changyang
淳安,chunan
长兴,changxing
慈溪,cixi
苍南,cangnan
常山,changshan
长丰,changfeng
巢湖,chaohu
滁州,chuzhou1
池州,chizhou
长乐,changle1
仓山,cangshanqu
城厢,chengxiang
崇武,chongwu
长泰,changtai
长汀,changting
崇仁,chongren
崇义,chongyi
昌江区,changjiangqu
长沙,changsha
长沙,changshaxian
茶陵,chaling
常宁,changning
郴州,chenzhou
常德,changde
城步,chengbu
慈利,cili
辰溪,chenxi
赤水,chishui
长顺,changshun
岑巩,cengong
从江,congjiang
册亨,ceheng
成都,chengdu
崇州,chongzhou
成华,chenghuaqu
船山,chuanshanqu
长宁,changning1
翠屏,cuipingqu
苍溪,cangxi
朝天,chaotianqu
从化,conghua
潮阳,chaoyang2
澄海,chenghai
潮南,chaonanqu
禅城,chanchengqu
赤坎,chikan
潮州,chaozhou
潮安,chaoan
城区,chengqu
呈贡,chenggong
昌宁,changningxian
澄江,chengjiang
楚雄,chuxiong
沧源,cangyuan
崇左,chongzuo
城中,chengzhongqu
苍梧,cangwu
岑溪,cenxi
长洲,changzhouqu
澄迈,chengmai
昌江,changjiang
大兴,daxing
东城,dongchengqu
东丽,dongli
大港,dagang
大渡口,dadukou
垫江,dianjiang
大足,dazu
道外,daowaiqu
道里,daoliqu
东宁,dongning
东安,donganqu
东风,dongfengqu
大兴安岭,daxinganling
带岭,dailingqu
大庆,daqing
杜尔伯特,duerbote
大同,daqingdatong
滴道,didaoqu
东山,dongshanqu
德惠,dehui
敦化,dunhua
东昌,dongchangqu
大安,daan
东丰,dongfeng
东辽,dongliao
东岗,donggang
大东,dadongqu
大连,dalian
丹东,dandong
东港,donggang1
大石桥,dashiqiao
东洲,dongzhouqu
灯塔,dengta
调兵山,diaobingshan
大洼,dawa
东河,donghequ
达茂旗,daerhanmaomingan
达拉特,dalate
东胜,dongsheng
磴口,dengkou
东乌旗,dongwuqi
多伦,duolun
东乌旗,dongwuzhumuqinqi
定州,dingzhou
定兴,dingxing
大城,dacheng
大厂,dachang
东光,dongguang
大名,daming
大同,datong
大同,datongxian
大宁,daning
定襄,dingxiang
代县,daixian
定边,dingbian
大荔,dali
丹凤,danfeng
德州,dezhou
德城,decheng
东平,dongping
岱岳,daiyuequ
东明,dongming
定陶,dingtao
东营,dongying
东营,dongyingqu
东港,donggangqu
东阿,donge
东昌府,dongchangfu
达坂城,dabancheng
独山子,dushanziqu
当雄,dangxiong
堆龙德庆,duilongdeqing
达孜,dazi
定日,dingri
定结,dingjie
丁青,dingqing
大通回族,datonghuizu
达日,dari
多县,duoxian1
大柴旦,dachaidan
都兰,dulan
德令哈,delingha
定西,dingxi
敦煌,dunhuang
宕昌,dangchang
东乡族,dongxiang
迭部,diebu
大武口,dawukouqu
登封,dengfeng
邓州,dengzhou
郸城,dancheng
丹阳,danyang
丹徒,dantu
东台,dongtai
大丰,dafeng
东海,donghai
东西湖,dongxihu
大悟,dawu
大冶,daye
当阳,dangyang
点军,dianjunqu
丹江口,danjiangkou
掇刀,duodao
东宝,dongbaoqu
德清,deqing
洞头,dongtou
东阳,dongyang
岱山,daishan
定海,dinghai
大通,datongqu
当涂,dangtu
大观,daguanqu
砀山,dangshan
定远,dingyuan
杜集,dujiqu
东至,dongzhi
德化,dehua
东山,dongshan
大田,datian
钓鱼岛,diaoyudao
东湖,donghuqu
德安,dean
都昌,duchang
德兴,dexing
东乡,dongxiang1
大余,dayu
定南,dingnan
武陵,wulingqu
鼎城,dingchengqu
洞口,dongkou
大祥,daxiangqu
东安,dongan
道县,daoxian
道真,daozhen
都匀,duyun
独山,dushan
丹寨,danzhai
德江,dejiang
大方,dafang
大邑,dayi
都江堰,dujiangyan
攀枝花东区,panzhihuadongqu
大安,daanqu
达州,dazhou
大竹,dazhu
达川,dachuan
达县,daxian
大英,dayinqu
东兴,dongxing
丹棱,danleng
东坡,dongpoqu
德昌,dechang
丹巴,danba
道孚,daofu
德格,dege
稻城,daocheng
得荣,derong
德阳,deyang
大埔,dabu
斗门,doumen
德庆,deqing1
端州,duanzhouqu
鼎湖,dinghuqu
东源,dongyuan
东莞,dongguan
电白,dianbai
东川,dongchuan
大理,dali1
大姚,dayao
大关,daguan
迪庆,diqing
德钦,deqin
德宏,dehong
大新,daxin
叠彩,diecai
都安瑶族,duan
德保,debao
东兰,donglan
大化,dahua
东兴,dongxingshi
东方,dongfang
儋州,danzhou
定安,dingan
大堂,datang
二道,erdaoqu
二道江,erdaojiang
鄂尔多斯,eerduosi
鄂前旗,eqianqi
鄂托克,etuokeqi
二连浩特,erlianhaote
鄂伦春旗,elunchunqi
鄂温克旗,ewenkeqi
额尔古纳,eerguna
鄂伦春,elunchun
鄂温克,ewenke
额济纳,ejina
额敏,emin
二七,erqiqu
鄂州,ezhou
鄂城,echengqu
恩施,enshi
恩阳,enyang
峨边,ebian
峨眉,emei
峨眉山,emeishan
恩平,enping
洱源,eryuan
峨山,eshan
丰台,fengtai
房山,fangshan
奉贤,fengxian
涪陵,fuling
奉节,fengjie
丰都,fengdu
方正,fangzheng
富裕,fuyu
富拉尔基,fularjiqu
抚远,fuyuan
富锦,fujin
丰满,fengmanqu
扶余,fuyu1
抚松,fusong
法库,faku
抚顺,fushun
抚顺,fushunxian
凤城,fengcheng
阜新,fuxin
阜新蒙古族,fuxinmengguzu
丰镇,fengzhen
阜平,fuping
丰宁,fengning
丰南,fengnan
丰润,fengrun
阜城,fucheng
峰峰,fengfeng
肥乡,feixiang
复兴,fuxingqu
抚宁,funing
汾西,fenxi
浮山,fushan
繁峙,fanshi
方山,fangshan1
汾阳,fenyang
富县,fuxian
府谷,fugu
富平,fuping1
佛坪,fuoping
凤翔,fengxiang
扶风,fufeng
凤县,fengxian1
福山,fushan1
坊子,fangziqu
肥城,feicheng
费县,feixian
阜康,fukang
福海,fuhai
富蕴,fuyun
封丘,fengqiu
凤泉,fengquanqu
方城,fangcheng
范县,fanxian
扶沟,fugou
阜宁,funing1
丰县,fengxian2
樊城,fanchengqu
房县,fangxian
富阳,fuyang
奉化,fenghua
肥东,feidong
肥西,feixi
繁昌,fanchang
凤台,fengtai1
阜阳,fuyang1
阜南,funan
凤阳,fengyang
福州,fuzhou
福清,fuqing
福安,fuan
福鼎,fuding
丰泽,fengzequ
抚州,fuzhou1
奉新,fengxin
丰城,fengcheng1
浮梁,fuliang
分宜,fenyi
芙蓉,furongqu
凤凰,fenghuang
凤冈,fenggang
福泉,fuquan
富顺,fushun1
涪城,fuchengqu
丰顺,fengshun
福田,futianqu
佛山,foshan
封开,fengkai
佛冈,fogang
富民,fumin
富源,fuyuanxian
富宁,funingxian
凤庆,fengqing
福贡,fugong
扶绥,fusui
富川,fuchuan
福绵,fumian
凤山,fengshan
防城港,fangchenggang
防城,fangchengqu
风顺堂,fengshuntang
甘南,gannan1
工农,gongnongqu
公主岭,gongzhuling
甘井子,ganjingziqu
古塔,gutaqu
盖州,gaizhou
弓长岭,gongchangling
固阳,guyang
高力板,gaoliban
岗子,gangzi
根河,genhe
拐子湖,guanzihu
高邑,gaoyi
藁城,gaocheng
高阳,gaoyang
高碑店,gaobeidian
沽源,guyuan
古冶,guyequ
固安,guan
广阳,guangyangqu
故城,gucheng
广宗,guangzong
广平,guangping
馆陶,guantao
古交,gujiao
广灵,guangling
高平,gaoping
古县,guxian
高陵,gaoling
甘泉,ganquan
高青,gaoqing
高密,gaomi
广饶,guangrao
钢城,gangchengqu
冠县,guanxian
高唐,gaotang
高昌,gaochang
巩留,gongliu
岗巴,gangba
贡嘎,gongga
工布江达,gongbujiangda
贡觉,gongjue
改则,gaize
噶尔,gaer
革吉,geji
贵德,guide
贵南,guinan
共和,gonghe
果洛,guoluo
甘德,gande
刚察,gangcha
格尔木,geermu
皋兰,gaolan
古浪,gulang
高台,gaotai
甘州,ganzhouqu
瓜州,guazhou
甘谷,gangu
广河,guanghe
甘南,gannan
固原,guyuanguyuan
巩义,gongyi
管城回族,guanchengqu
光山,guangshan
固始,gushi
开封鼓楼,kaifenggulouqu
高淳,gaochun
鼓楼,nanjinggulou
姑苏,gusuqu
港闸,gangzhaqu
高邮,gaoyou
广陵,guanglingqu
徐州鼓楼,gulouqu
赣榆,ganyu
灌云,guanyun
灌南,guannan
高港,gaogangqu
谷城,gucheng1
公安,gongan
广水,guangshui
拱墅,gongshuqu
古城,guchengqu
固镇,guzhen
涡阳,guoyang
广德,guangde
贵池,guichiqu
古田,gutian
光泽,guangze
共青城,gongqingcheng
广丰,guangfeng
广昌,guangchang
高安,gaoan
赣州,ganzhou
赣县,ganxian
贵溪,guixi
桂阳,guiyang
桂东,guidong
古丈,guzhang
贵阳,guiyang1
观山湖,guanshanhu
关岭,guanling
贵定,guiding
贡井,gongjingqu
广安,guangan
广安,guanganqu
古蔺,gulin
高县,gaoxian
珙县,gongxian
甘洛,ganluo
甘孜,ganzi
广汉,guanghan
广元,guangyuan
广州,guangzhou
光明,guangming
高明,gaoming
广宁,guangning
高要,gaoyao
高州,gaozhou
官渡,guanduqu
个旧,gejiu
广南,guangnan
耿马,gengma
贡山,gongshan
桂林,guilin
灌阳,guanyang
恭城,gongcheng
恭城瑶族,gongchengqu
贵港,guigang
桂平,guiping
港北,gangbei
港南,gangnan
港口,gangkou
高雄,gaoxiong
海淀,haidian
怀柔,huairou
虹口,hongkou1
黄浦,huangpu1
汉沽,hangu
红桥,hongqiaoqu
河西,hexiqu
河东,hedongqu
河北,hebeiqu
和平,hepingqu
合川,hechuan
哈尔滨,haerbin
呼兰,hulan
海林,hailin
桦川,huachuan
桦南,huanan
海伦,hailun
黑河,heihe
呼玛,huma
呼中,huzhong
友好,youhaoqu
红星,hongxingqu
红岗,honggangqu
虎林,hulin
鹤岗,hegang
桦甸,huadian
和龙,helong
珲春,hunchun
辉南,huinan
浑江,hunjiangqu
皇姑,huangguqu
浑南,hunnan
和平,hepingqu1
海城,haicheng
桓仁,huanren
黑山,heishan
海州,haizhouqu
宏伟,hongwei
葫芦岛,huludao
呼和浩特,huhehaote
和林格尔,helin
呼市,hushijiaoqu
回民,huiminqv
海勃湾,haibowanqu
海南,hainanqu
化德,huade
霍林郭勒,huolinguole
浩尔吐,haoertu
红山,hongshanqu
杭锦旗,hangjinqi
海力素,hailisu
杭锦后旗,hangjinhouqi
海拉尔,hailaer
呼伦贝尔,hulunbeier
胡尔勒,huerle
怀安,huaian
怀来,huailai
海兴,haixing
黄骅,huanghua
河间,hejian
衡水,hengshui
邯郸,handan
邯山,hanshanqu
浑源,hunyuan
和顺,heshun
壶关,huguan
洪洞,hongtong
霍州,huozhou
侯马,houma
河津,hejin
怀仁,huairen
河曲,hequ
户县,huxian
黄陵,huangling
黄龙,huanglong
横山,hengshan
华县,huaxian
合阳,heyang
韩城,hancheng
华阴,huayin
华州,huazhouqu
汉阴,hanyin
汉滨,hanbinqu
汉中,hanzhong
汉台,hantaiqu
槐荫 ,kuaiyinqu
槐荫,jinanhuaiyin
黄岛,huangdao
桓台,huantai
海阳,haiyang
寒亭,hantingququ
河东,lingyihedong
菏泽,heze
惠民,huimin
河口,hekou
环翠,huancuiqu
呼图壁,hutubi
和静,hejing
和硕,heshuo
霍城,huocheng
霍尔果斯,huoerguosi
和布克赛尔,hebukesaier
哈密,hami
和田,hetian
和田,ketian
哈巴河,habahe
湟源,huangyuan
湟中,huangzhong
海东,haidong
互助,huzhu
化隆,hualong
黄南,huangnan
河南,henan1
河南蒙古族,henanmengguzu
海南,hainan
海西,haixi
海北,haibei
海晏,haiman
红古,honggu
华亭,huating
环县,huanxian
华池,huachi
合水,heshui
徽县,huixian
和政,hezheng
合作,hezuo
会宁,huining
贺兰,helan
惠农,huinong
红寺堡,hongsipuqu
海原,haiyuan
惠济,huijiqu
滑县,huaxian1
获嘉,huojia
辉县,huixian1
红旗,hongqiqu
淮滨,huaibin
潢川,huangchuan
鹤壁,hebi
鹤山,heshanqu1
华龙,hualongqu
淮阳,huaiyang
湖滨,hubinqu
惠山,huishanqu
虎丘,huqiuqu
海安,haian
海门,haimen
邗江,hanjiang1
淮安,huaian1
洪泽,hongze
淮阴,huaiyinqu
淮安,huaianqu
海州,lianyunganghaizhou
海陵,hailingqu
黄陂,huangpi
洪山,hongshan
汉阳,hanyangqu
汉南,hannanqu
汉川,hanchuan
黄冈,huanggang
红安,hongan
黄梅,huangmei
黄州,huangzhouqu
黄石,huangshi
黄石港,huangshigangqu
洪湖,honghu
华容,huarongqu
鹤峰,hefeng1
杭州,hangzhou
湖州,huzhou
海宁,haining
海盐,haiyan1
海曙,haishuqu
洪家,hongjia
黄岩,huangyan
横店,hengdian
合肥,hefei
怀远,huaiyuan
淮上,huaishangqu
淮南,huainan
花山,huashanqu
含山,hanshan
和县,hexian
怀宁,huaining
黄山,huangshan
黄山,huangshanqu
黄山风景,huangshanfengjingqu
徽州,huizhouqu
淮北,huaibei
霍邱,huoqiu
霍山,huoshan
湖里,huli
海沧,haicangqu
涵江,hanjiang
惠安,huian
华安,huaan
湖口,hukou
横峰,hengfeng
会昌,huichang
荷塘,hetangqu
衡阳,hengyang
衡山,hengshan1
衡东,hengdong
衡阳,hengyangxian
衡南,hengnan
汉寿,hanshou
赫山,heshanqu
华容,huarong
怀化,huaihua
会同,huitong
洪江,hongjiang
鹤城,hecheng
花垣,huayuan
花溪,huaxi
汇川,huichuan
红花岗,honghuagang
惠水,huishui
黄平,huangping
赫章,hezhang
华蓥,huaying
合江,hejiang
洪雅,hongya
会理,huili
会东,huidong
汉源,hanyuan
黑水,heishui
红原,hongyuan
花都,huadu
黄埔,huangpuqu
海珠,haizhuqu
惠州,huizhou
惠阳,huiyang
惠东,huidong1
惠城,huichengqu
濠江,haojiangqu
怀集,huaiji
鹤山,heshan
河源,heyuan
和平,heping
惠来,huilai
化州,huazhou
海丰,haifeng
鹤庆,heqing
红河,honghe
河口,hekou1
会泽,huize
华宁,huaning
红塔,hongtaqu
华坪,huaping
横县,hengxian
合山,heshanshi
贺州,hezhou
河池,hechi
环江,huanjiang
合浦,hepu
海口,haikou
海棠,haitangqu
香港,hongkong
花地玛,huadima
花莲,hualian
静安,jinganqu
嘉定,jiading
金山,jinshan
静海,jinghai
津南,jinnan
蓟州,tianjinjizhou
江北,jiangbei
九龙坡,jiulongpo
江津,jiangjin
建华,jianhuaqu
佳木斯,jiamusi
加格达奇,jiagedaqi
嘉荫,jiayin
金山屯,jinshantunqu
鸡西,jixi
鸡东,jidong
鸡冠,jiguanqu
恒山,hengshanqu
集贤,jixian1
尖山,jianshanqu
九台,jiutai
吉林,jilin
蛟河,jiaohe
集安,jian
靖宇,jingyu
江源,jiangyuan
金州,jinzhou
锦州,jinzhou1
建平,jianping
建昌,jianchang
九原,jiuyuanqu
集宁,jining
吉兰泰,jilantai
井陉,jingxing
晋州,jinzhou2
井陉矿,jingxingkuangqu
竞秀,jingxiu
京唐港,jingtanggang
景县,jingxian
冀州,jizhou
巨鹿,julu
鸡泽,jize
尖草坪,jiancaopingqu
晋源,jinyuanqu
郊区,jiaoqu
晋中,jinzhong
介休,jiexiu
潞州,changzhijiaoqu
晋城,jincheng
吉县,jixian
稷山,jishan
绛县,jiangxian
静乐,jingle
交口,jiaokou
交城,jiaocheng
泾阳,jingyang
佳县,jiaxian
靖边,jingbian
金台,jintaiqu
济南,jinan
济阳,jiyang
济南市中,jinanshizhong
即墨,jimo
胶州,jiaozhou
胶南,jiaonan
济宁,jining1
嘉祥,jiaxiang
金乡,jinxiang
莒南,junan
鄄城,juancheng
巨野,juye
莒县,juxian
吉木萨尔,jimusaer
伽师,jiashi
吉木乃,jimunai
精河,jinghe
江孜,jiangzi
吉隆,jilong
加查,jiacha
江达,jiangda
嘉黎,jiali
尖扎,jianzha
久治,jiuzhi
泾川,jingchuan
静宁,jingning
金昌,jinchang
金川,jinchuanqu
酒泉,jiuquan
金塔,jinta
积石山,jishishan
靖远,jingyuan
景泰,jingtai
嘉峪关,jiayuguan
金凤,jinfengqu
泾源,jinyuan1
金水,jinshuiqu
郏县,jiaxian1
金明,jinmingqu
吉利,jili
涧西,jianxiqu
焦作,jiaozuo
解放,jiefangqu
济源,jiyuan
江宁,jiangning
江浦,jiangpu
建邺,jianyequ
江阴,jiangyin
句容,jurong
京口,jingkou
金阊,jinchangqu
江都,jiangdu
建湖,jianhu
贾汪,jiawangqu
金湖,jinhu
金坛,jintan
姜堰,jiangyan
靖江,jingjiang
江夏,jiangxia
江汉,jianghanqu
江岸,jianganqu
嘉鱼,jiayu
荆州,jingzhou
江陵,jiangling
监利,jianli
荆州,jingzhouqu
建始,jianshi
荆门,jingmen
京山,jingshan
建德,jiande
江干,jiangganqu
嘉兴,jiaxing
嘉善,jiashan
江东,jiangdongqu
江北,ningbojiangbei
椒江,jiaojiang
缙云,jinyun
景宁,jingning1
金华,jinhua
金东,jindongqu
江山,jiangshan
居巢,juchaoqu
鸠江,jiujiangqu
镜湖,jinghuqu
金家庄,jinjiazhuangqu
界首,jieshou
泾县,jingxian1
旌德,jingde
绩溪,jixi1
金寨,jinzhai
金安,jinanqu
九华山,jiuhuashan
晋安,jinan1
集美,jimeiqu
蕉城,jiaochengqu
晋江,jinjiang
金门,jinmen
将乐,jiangle
建宁,jianning
建阳,jianyang
建瓯,jianou
进贤,jinxian
九江,jiujiang
九江,jiujiangxian
金溪,jinxi
靖安,jingan
吉安,jian1
吉安,jianxian
吉水,jishui
井冈山,jinggangshan
吉州,jizhouqu
景德镇,jingdezhen
嘉禾,jiahe
津市,jinshi
君山,junshanqu
靖州,jingzhou1
江永,jiangyong
江华,jianghua
吉首,jishou
剑河,jianhe
锦屏,jinping
江口,jiangkou
金沙,jinsha
金堂,jintang
锦江,jinjiangqu
金牛,jinniuqu
简阳,jianyang1
江油,jiangyou
嘉陵,jialingqu
江阳,jiangyangqu
江安,jiangan
筠连,junlian
井研,jingyan
夹江,jiajiang
金口河,jinkouhequ
金阳,jinyang
九龙,jiulong
九寨沟,jiuzhaigou
金川,jinchuan
旌阳,jingyangqu
剑阁,jiange
蕉岭,jiaoling
金平,jinpingqu
金湾,jinwan
江门,jiangmen
江海,jianghai
江城,jiangchengqu
揭阳,jieyang
揭西,jiexi
揭东,jiedong
晋宁,jinning
剑川,jianchuan
建水,jianshui
金平苗族,jinpingmiaozu
江川,jiangchuan
景谷,jinggu
景东,jingdong
江城,jiangcheng
江城哈尼族,jiangchengha
景洪,jinghong
景洪,jinghongshi
江南,jiangnan
江州,jiangzhou
江州,jaingzhou
金秀,jinxiu
靖西,jingxi
金城江,jinchengjiang
吉阳,jiyangqu
九龙,jiulongqu
嘉模,jiamo
嘉义,jiayi
基隆,jilongshi
嘉义县,jiayixian
金门,taiwanjinmen
开州,kaizhou
开县,kaixian
克山,keshan
克东,kedong
宽城,kuanchengqu
康平,kangping
宽甸,kuandian
开原,kaiyuan
喀喇沁左翼,kazuo
昆都仑,kundulunqu
科左中旗,kezuozhongqi
科左后旗,kezuohouqi
开鲁,kailu
库伦,kulun
科尔沁,horqinqu
克什克腾,keshiketeng
喀喇沁,kalaqin
康巴什,kangbashen
科右中旗,keyouzhongqi
科右前旗,keermiyouqian
科右中旗,keermiyouzhong
科尔沁左翼中旗,keerxinzuoyizhongqi
科尔沁左翼后旗,keerxinzuoyihouqi
康保,kangbao
宽城满族,kuanchengmanzu
开平,kaipingqu
矿区,kuangqu
岢岚,kelan
奎文,kuiwenqu
垦利,kenli
克拉玛依,kelamayi
克拉玛依,kelamayiqu
库尔勒,kuerle
库车,kuche
柯坪,keping
喀什,kashi
奎屯,kuitunshi
克州,kezhou
康马,kangma
卡若,keruoqu
崆峒,kongtong
康县,kangxian
康乐,kangle
开封,kaifeng
昆山,kunshan
柯桥,keqiaoqv
开化,kaihua
柯城,kechengqu
开福,kaifuqu
雨花,changshayuhua
开阳,kaiyang
凯里,kaili
开江,kaijiang
康定,kangding
开平,kaiping
昆明,kunming
开远,kaiyuan1
梁平,liangping
龙江,longjiang
林口,linkou
兰西,lanxi
林甸,lindian
龙凤,longfengqu
梨树,lishuqu
萝北,luobei
岭东,lingdongqu
绿园,luyuanqu
龙潭,longtan
龙井,longjing
梨树,lishu
柳河,liuhe
辽源,liaoyuan
龙山,longshanqu
临江,linjiang
辽中,liaozhong
旅顺,lvshun
旅顺,lushunkouqu
立山,lishanqu
凌海,linghai
凌河,linghe
老边,laobianqu
辽阳,liaoyang
辽阳,liaoyangxian
凌源,lingyuan
龙城,longchengqu
连山,lianshanqu
龙港,longgangqu
凉城,liangcheng
林西,linxi
临河,linhe
孪井滩,luanjingtan
栾城,luancheng
灵寿,lingshou
鹿泉,luquan1
莲池,lianchi
涞源,laiyuan
蠡县,lixian
涞水,laishui
滦平,luanping
隆化,longhua
滦州,luanxian
滦南,luannan
乐亭,laoting
路南,lunan
路北,lubei
廊坊,langfang
临城,lincheng
隆尧,longyao
临西,linxi1
临漳,linzhang
卢龙,lulong
娄烦,loufan
灵丘,lingqiu
灵石,lingshi
黎城,licheng
潞城,lucheng
陵川,lingchuan
临汾,linfen
临猗,linyi
吕梁,lvliang
离石,lvlianglishi
临县,linxian
岚县,lanxian
柳林,liulin
临潼,lintong
蓝田,lantian
莲湖,lianhuqu
礼泉,liquan
洛川,luochuan
临渭,linweiqu
洛南,luonan
岚皋,langao
略阳,lueyang
留坝,liuba
麟游,linyou
陇县,longxian
历下,lixiaqu
历城,jinanlicheng
崂山,laoshan
莱西,laixi
李沧,licangqu
临淄,linzi
临邑,linyi1
陵城,lingxian
乐陵,leling
莱州,laizhou
龙口,longkou
莱阳,laiyang
莱山,laishanqu
临朐,linqu
梁山,liangshan
临沂,linyi2
临沭,linshu
兰山,lanshanqu
罗庄,luozhuangqu
兰陵,lanling
利津,lijin
岚山,rizhaolanshan
莱芜,laiwu
莱芜,laicheng
聊城,liaocheng
临清,linqing
轮台,luntai
洛浦,luopu
拉萨,lasa
林周,linzhou1
拉孜,lazi
浪卡子,langkazi
隆子,longzi
洛扎,luozha
林芝,linzhi
朗县,langxian
洛隆,luolong
类乌齐,leiwuqi
乐都,ledu
冷湖,lenghu
兰州,lanzhou
陇西,longxi
临洮,lintao
灵台,lingtai
凉州,liangzhouqu
临泽,linze
礼县,lixian1
两当,liangdang
陇南,longnan1
临夏,linxia
临夏,linxiaxian
临潭,lintan
碌曲,luqu
灵武,lingwu
利通,litongqu
隆德,longde
林州,linzhou
龙安,longanqu
鲁山,lushan
罗山,luoshan
兰考,lankao
龙亭,longting
顺河回族,shunhehuizu
洛阳,luoyang
洛宁,luoning
栾川,luanchuan
洛龙,luolongqu
老城,laochengqu
梁园,liangyuanqu
鹿邑,luyi
漯河,luohe
临颍,linying
灵宝,lingbao
卢氏,lushi
溧水,lishui2
六合,luhe1
梁溪,liangxiqu
涟水,lianshui
连云港,lianyungang
连云,lianyun
溧阳,liyang
老河口,laohekou
梁子湖,liangzihu
罗田,luotian
利川,lichuan
来凤,laifeng
临安,linan
临海,linhai
路桥,luqiao
鹿城,luchengqu
龙湾,longwanqu
丽水,lishui
龙泉,longquan
莲都,liandu
兰溪,lanxi1
龙游,longyou
庐阳,luyang
庐江,lujiang
龙子湖,longzihu
灵璧,lingbi
临泉,linquan
利辛,lixin
来安,laian
琅琊,langyaqu
烈山,lieshan
郎溪,langxi
六安,luan
罗源,luoyuan
连江,lianjiang
荔城,licheng1
鲤城,lichengqu
洛江,luojiangqu1
龙海,longhai
龙文,longwen
龙岩,longyan
连城,liancheng
庐山,lushan1
濂溪,lianxi
乐安,lean
黎川,lichuan1
临川,linchuanqu
龙南,longnan
乐平,leping
莲花,lianhua
芦溪,luxi3
浏阳,liuyang
醴陵,liling
芦淞,lusongqu
耒阳,leiyang
临武,linwu
澧县,lixian2
临澧,linli
娄底,loudi
冷水江,lengshuijiang
涟源,lianyuan
娄星,louxing
隆回,longhui
临湘,linxiang
蓝山,lanshan
冷水滩,lengshuitan
零陵,lingling
泸溪,luxi
龙山,longshan
龙里,longli
罗甸,luodian
荔波,libo
雷山,leishan
黎平,liping
六枝,liuzhi
六盘水,liupanshui
龙泉驿,longquanyi
阆中,langzhong
邻水,linshui
泸州,luzhou
泸县,luxian
龙马潭,longmatan
隆昌,longchang
乐至,lezhi
乐山,leshan
凉山,liangshan1
雷波,leibo
芦山,lushanxian
泸定,luding
炉霍,luhuo
理塘,litang
理县,lixian3
罗江,luojiang
利州,lizhou
荔湾,liwan
乐昌,lechang
龙门,longmen
龙湖,longhu
龙岗,longgang
龙华,longhuaqu
雷州,leizhou
廉江,lianjiangshi
连平,lianping
龙川,longchuan
连南,liannan
连州,lianzhou
连山,lianshan
罗定,luoding
陆丰,lufeng
陆河,luhe
禄劝,luquan
绿春,lvchun
泸西,luxi1
陆良,luliang
罗平,luoping
龙陵,longling
隆阳,longyangqu
禄丰,lufengxian
澜沧,lancang
鲁甸,ludian
临沧,lincang
临翔,linxiangqu
兰坪,lanping
泸水,lushui
六库,liuku
丽江,lijiang
陇川,longchuanxian
梁河,lianghe
潞西,luxixian
隆安,longan
良庆,liangqing
龙州,longzhou
柳州,liuzhou
柳城,liucheng
鹿寨,luzhai
柳江,liujiangqu
柳南,liunan
来宾,laibin
龙胜,longsheng
临桂,lingui
灵川,lingchuanxian
荔浦,lipu
龙胜,longshenggezuzizhixian
龙圩,longweiqu
陆川,luchuan
隆林,longlin
乐业,leye
凌云,lingyun
隆林,longlinqu
灵山,lingshan
罗城,luocheng
龙华,longhua1
临高,lingao
陵水,lingshui
乐东黎族,ledong
路氹城,ludangcheng
连江,taiwanlianjiang
密云,miyun
门头沟,mentougou
闵行,minhang
木兰,mulan
梅里斯达斡尔族,meilisidawoerzuqu
牡丹江,mudanjiang
穆棱,muling
明水,mingshui
漠河,mohe
美溪,meixiqu
密山,mishan
麻山,mashanqu
梅河口,meihekou
明山,mingshanqu
满都拉,mandula
莫力达瓦,molidawa
满洲里,manzhouli
满城,mancheng
孟村,mengcun
米脂,mizhi
勉县,mianxian
眉县,meixian
牟平,muping
蒙阴,mengyin
牡丹,mudanqu
米东,midongqu
莫索湾,mosuowan
米泉,miquan
玛纳斯,manasi
木垒,mulei
麦盖提,maigaiti
墨玉,moyu
民丰,mingfeng
墨竹工卡,mozhugongka
米林,milin
墨脱,motuo
芒康,mangkang
民和,minhe
玛多,madu
玛沁,maqin
茫崖,mangai
门源,menyuan
岷县,minxian
民勤,minqin
民乐,minle
麦积,maiji
玛曲,maqu
牧野,muyequ
孟津,mengjin
民权,minquan
孟州,mengzhou
马村,macunqu
渑池,mianchi
麻城,macheng
茅箭,maojian
马鞍山,maanshan
蒙城,mengcheng
明光,mingguang
闽清,minqing
闽侯,minhou
马尾,maweiqu
明溪,mingxi
梅列,meiliequ
马坡岭,mapoling
汨罗,miluo
麻阳,mayang
湄潭,meitan
麻江,majiang
米易,miyi
绵阳,mianyang
沐川,muchuan
马边,mabian
眉山,meishan
木里,muli
冕宁,mianning
美姑,meigu
名山,mingshan
茂县,maoxian
马尔康,maerkang
绵竹,mianzhu
梅州,meizhou
梅县,meixian1
梅江,meijiangqu
麻章,mazhang
茂名,maoming
茂港,maogang
茂南,maonanqu
弥渡,midu
弥勒,mile
蒙自,mengzi
马龙,malong
马关,maguan
麻栗坡,malipo
牟定,mouding
墨江,mojiang
孟连,menglian
芒市,mangshi
芒市,mangshiqu
勐海,menghai
勐腊,mengla
马山,mashan
蒙山,mengshan
美兰,meilan
苗栗,miaoli
宁河,ninghe
南开,nankaiqu
南岸,nananqu
南川,nanchuan
南岗,nangangqu
讷河,nehe
碾子山,nianzishanqu
宁安,ningan
嫩江,nenjiang
南岔,nanchaqu
南山,hegangnansanqu
农安,nongan
南关,nanguanqu
宁江,ningjiangqu
南芬,nanfenqu
南票,nanpiaoqu
奈曼,naiman
宁城,ningcheng
那仁宝力格,narenbaolige
诺尔贡,nuoergong
南市,nanshiqu
南皮,nanpi
内丘,neiqiu
南和,nanhe
宁晋,ningjin
南宫,nangong
南郊,nanjiaoqu
宁武,ningwu
宁陕,ningshan
宁强,ningqiang
南郑,nanzheng
宁津,ningjin1
宁阳,ningyang
尼勒克,nileke
尼木,nimu
那曲地,nagqu
南木林,nanmulin
聂拉木,nielamu
乃东,naidong
那曲,naqu
尼玛,nima
聂荣,nierong
囊谦,nangqian
宁县,ningxian
内黄,neihuang
南阳,nanyang
南召,nanzhao
内乡,neixiang
宁陵,ningling
南乐,nanle
南京,nanjing
南长,nanchangqu
南通,nantong
南漳,nanzhang
南浔,nanxun
南湖,nanhuqu
宁波,ningbo
宁海,ninghai
南陵,nanling
南谯,nanqiaoqu
宁国,ningguo
宁德,ningde
南安,nanan
南靖,nanjing2
宁化,ninghua
南平,nanping
南昌,nanchang
南昌,nanchangxian
南城,nancheng
南丰,nanfeng
南康,nankang
宁都,ningdu
宁乡,ningxiang
南岳,nanyue
南县,nanxian
宁远,ningyuan
南明,nanming
纳雍,nayong
南充,nanchong
南部,nanbu
南江,nanjiang
纳溪,naxi
南溪,nanxi
内江,neijiang
宁南,ningnan
若尔盖,nuoergai
萝岗,luogang
南沙,nanshaqu
南雄,nanxiong
南澳,nanao
罗湖,luohu
南山,nanshanqu
南海,nanhai
南涧,nanjian
南华,nanhua
宁洱,ninger
怒江,nujiang
宁蒗,ninglang
南宁,nanning
宁明,ningming
那坡,napo
南丹,nandan
南沙,nanshadao
南投,nantou
瓯海,ouhaiqu
平谷,pinggu
南汇,nanhui
浦东,pudong
普陀,putuoqu
彭水,pengshui
平房,pingfangqu
磐石,panshi
普兰店,pulandian
平山,pingshanqu
盘锦,panjin
盘山,panshan
平山,pingshan
平泉,pingquan
平乡,pingxiang
平定,pingding
平遥,pingyao
平顺,pingshun
蒲县,puxian
平陆,pinglu
平鲁,pinglu1
偏关,pianguan
蒲城,pucheng
平利,pingli
平阴,pingyin
平度,pingdu
平原,pingyuan
蓬莱,penglai
平邑,pingyi
炮台,paotai
皮山,pishan
帕里,pali
普兰,pulan
平安,pingan
平凉,pingliang
平川,pingchuan
平罗,pingluo
彭阳,pengyang
平顶山,pingdingshan
平桥,pingqiaoqu
濮阳,puyang
濮阳,puyangxian
平舆,pingyu
浦口,pukou
平江,pingjiangqu
沛县,peixian
邳州,pizhou
平湖,pinghu
平阳,pingyang
浦江,pujiang
磐安,panan
普陀,putuo
潘集,panji
平潭,pingtan
屏南,pingnan
莆田,putian
平和,pinghe
浦城,pucheng1
彭泽,pengze
鄱阳,poyang
萍乡,pingxiang1
平江,pingjiang
普定,puding
平坝,pingba
平塘,pingtang
盘州,panxian
普安,puan
郫都,pixian
蒲江,pujiang1
彭州,pengzhou
攀枝花,panzhihua
平武,pingwu
蓬安,pengan
蓬溪,pengxi
平昌,pingchang
屏山,pingshanxian
彭山,pengshan
普格,puge
番禺,panyu
平远,pingyuanxian
坪山,pingshan1
坡头,potou
蓬江,pengjiang
普宁,puning
盘龙,panlong
屏边,pingbian
普洱,puer
凭祥,pingxiangshi
平乐,pingle
平桂,pingguiqu
平桂,pinggui
平南,pingnan1
平果,pingguo
浦北,pubeixian
浦北,pubei
屏东,pingdong
澎湖,penghu
青浦,qingpu
黔江,qianjiang
綦江,qijiang
齐齐哈尔,qiqihaer
前进,qianjinqu
青冈,qinggang
庆安,qingan
七台河,qitaihe
茄子河,qiezihequ
乾安,qianan
前郭,qianguo
千山,qianshanqu
清原,qingyuan
清河门,qinghemenqu
清河,qinghequ
清水河,qingshuihe
青山,qingshanqu
青龙山,qinglongshan
石家庄桥东,shijiazhuangqiaodongqu
桥西,qiaoxiqu
曲阳,quyang
清苑,qingyuan1
张家口桥东,zhangjiakouqiaodong
张家口桥西,zhangjiakouqiaoxiqu
迁西,qianxi
迁安,qianan1
青县,qingxian
清河,qinghe
桥东,qiaodongqu
邢台信都,xingtaiqiaoxiqu
邱县,qiuxian
曲周,quzhou
秦皇岛,qinhuangdao
青龙,qinglong
海港,haigangqu
清徐,qingxu
祁县,qixian
沁县,qinxian
沁源,qinyuan
沁水,qinshui
曲沃,quwo
乾县,qianxian
秦都,qinduqu
杨陵,yangling
清涧,qingjian
千阳,qianyang
岐山,qishan
青岛,qingdao
齐河,qihe
庆云,qingyun
栖霞,qixia
青州,qingzhou
曲阜,qufu
奇台,qitai
且末,qiemo
青河,qinghe1
曲水,qushui
琼结,qiongjie
曲松,qusong
曲麻莱,qumacai
祁连,qilian
七里河,qilihe
庆阳,qingyang
庆城,qingcheng
清水,qingshui
秦安,qinan
秦州,qinzhouqu
青铜峡,qingtongxia
杞县,qixian1
沁阳,qinyang
淇县,qixian2
淇滨,qibinqu
清丰,qingfeng
确山,queshan
栖霞,qixiaqu
秦淮,qinhuaiqu
启东,qidong
泉山,quanshanqu
清浦,qingpuqu
清江浦,qingjiangpu
戚墅堰,qishuyanqu
硚口,qiaokouqu
青山,qingshan
蕲春,qichun
潜江,qianjiang1
青田,qingtian
庆元,qingyuan2
衢州,quzhou1
衢江,qujiang1
潜山,qianshan
谯城,qiaochengqu
祁门,qimen
全椒,quanjiao
青阳,qingyang1
泉州,quanzhou
泉港,quangangqu
清流,qingliu
青云谱,qingyunpuqu
青山湖,qingshanhuqu
青原,qingyuanqu
全南,quannan
祁东,qidong1
祁阳,qiyang
清镇,qingzhen
黔南,qiannan
黔东南,qiandongnan
黔西,qianxi1
七星关,qixingguan
晴隆,qinglong1
黔西南,qianxinan
邛崃,qionglai
青羊,qingyangqu
青白江,qingbaijiangqu
渠县,quxian
前锋,qianfeng
犍为,qianwei
青神,qingshen
青川,qingchuan
曲江,qujiang
清远,qingyuan3
清新,qingxin
清城,qingchengqu
曲靖,qujing
麒麟,qilinqu
丘北,qiubei
巧家,qiaojia
青秀,qingxiu
全州,quanzhouxian
七星,qixing
钦州,qinzhou
钦南,qinnan
钦北,qinbei
琼山,qiongshan
琼中县,qiongzhong
琼海,qionghai
荣昌,rongchang
让胡路,ranghuluqu
饶河,raohe
容城,rongcheng
任丘,renqiu
饶阳,raoyang
任县,renxian
芮城,ruicheng
任城,renchengqu
荣成,rongcheng2
乳山,rushan
日照,rizhao
若羌,ruoqiang
日喀则,rikaze
仁布,renbu
日喀则,shigatsequ
日土,ritu
汝州,ruzhou
汝阳,ruyang
汝南,runan
润州,runzhouqu
如皋,rugao
如东,rudong
瑞安,ruian
瑞昌,ruichang
瑞金,ruijin
汝城,rucheng
仁怀,renhuai
榕江,rongjiang
仁和,renhe
荣县,rongxian
仁寿,renshou
壤塘,rangtang
乳源,ruyuan
仁化,renhua
饶平,raoping
榕城,rongchengqu
瑞丽,ruili
融安,rongan
融水,rongshui
容县,rongxian1
顺义,shunyi
石景山,shijingshan
上海,shanghai
松江,songjiang
沙坪坝,shapingba
石柱,shizhu
双城,shuangcheng
尚志,shangzhi
松北,songbeiqu
绥芬河,suifenhe
绥化,suihua
绥棱,suiling
孙吴,sunwu
上甘岭,shangganlingqu
萨尔图,saertuqu
绥滨,suibin
双鸭山,shuangyashan
四方台,sifangtaiqu
双阳,shuangyang
舒兰,shulan
四平,siping
双辽,shuangliao
松原,songyuan
沈阳,shenyang
沈河,shenhequ
苏家屯,sujiatunqu
沈北,shenbeixinqu
沙河口,shahekouqu
顺城,shunchengqu
双塔,shuangtaqu
双台子,shuangtaiziqu
绥中,suizhong
赛罕,saihanqu
石拐,shiguaiqu
商都,shangdu
四子王旗,siziwangqi
舍伯吐,shebotu
松山,songshanqu
苏左旗,sunitezuoqi
苏左旗,suzuoqi
石家庄,shijiazhuang
深泽,shenze
顺平,shunping
尚义,shangyi
双桥,shuangqiaoqu
双滦,shuangluanqu
三河,sanhe
肃宁,suning
深州,shenzhou
沙河,shahe
涉县,shexian
山海关,shanhaiguanqu
寿阳,shouyang
朔州,shuozhou
山阴,shanyin
朔城,shuocheng
神池,shenchi
石楼,shilou
三原,sanyuan
神木,shenmu
绥德,suide
商洛,shangluo
商州,shangzhou
商南,shangnan
山阳,shanyang
石泉,shiquan
商河,shanghe
市北,shibeiqu
市南,shinan
寿光,shouguang
泗水,sishui
单县,shanxian
石岛,shidao
枣庄市中,shizhongqu
山亭,shantingququ
莘县,shenxian
沙依巴克,saybaghqu
水磨沟,shuimogouqu
石河子,shihezi
鄯善,shanshan
沙雅,shaya
莎车,shache
疏附,shufu
疏勒,shule
沙湾,shawan
萨嘎,saga
萨迦,sajia
桑珠孜,sangzhuzi
山南,shannan
桑日,sangri
索县,suoxian
双湖,shuanghu
申扎,shenzha
狮泉河,shiquanhe
肃南,sunan
山丹,shandan
肃北,subei
肃州,suzhouqu
石嘴山,shizuishan
沙坡头,shapotouqu
上街,shangjie
石龙,shilong
商城,shangcheng
浉河,shihequ
社旗,sheqi
嵩县,songxian
商丘,shangqiu
睢县,suixian
睢阳,suiyangqo
山阳,shanyangqu
山城,shanchengqu
商水,shangshui
沈丘,shenqiu
召陵,shaolingqu
遂平,suiping
上蔡,shangcai
三门峡,sanmenxia
陕县,shanxian1
苏州,suzhou
射阳,sheyang
睢宁,suining2
宿迁,suqian
沭阳,shuyang
泗阳,siyang
泗洪,sihong
宿豫,suyu
宿城,suchengqu
石首,shishou
松滋,songzi
沙市,shashi
三峡,sanxia
十堰,shiyan
神农架,shennongjia
随州,suizhou
随县,suizhousuixian
沙洋,shayang
上城,shangchengqu
绍兴,shaoxing
上虞,shangyu
嵊州,shengzhou
三门,sanmen
遂昌,suichang
松阳,songyang
嵊泗,shengsi
蜀山,shushanqu
三山,sanshanqu
宿松,susong
宿州,suzhou1
泗县,sixian
歙县,shexian2
濉溪,suixi
狮子山,shizishanqu
寿县,shouxian
舒城,shucheng
石台,shitai
思明,simingqu
寿宁,shouning
石狮,shishi
上杭,shanghang
三明,sanming
沙县,shaxian1
三元,sanyuanqu
顺昌,shunchang
邵武,shaowu
松溪,songxi
上饶,shangrao
上饶,shangraoxian
上高,shanggao
遂川,suichuan
上犹,shangyou
石城,shicheng
上栗,shangli
韶山,shaoshan
石峰,shifengqu
石鼓,shiguqu
苏仙,suxian
石门,shimen
双峰,shuangfeng
邵阳,shaoyang
邵东,shaodong
绥宁,suining
邵阳,shaoyangxian
双清,shuangqingqu
桑植,sangzhi
双牌,shuangpai
绥阳,suiyang
三都,sandu
施秉,shibing
三穗,sansui
思南,sinan
石阡,shiqian
松桃,songtao
水城,shuicheng
双流,shuangliu
三台,santai
高坪,gaopingqu
顺庆,shunqing
遂宁,suining1
射洪,shehong
沙湾,shawanqu
石棉,shimian
石渠,shiqu
色达,seda
松潘,songpan
什邡,shifang
韶关,shaoguan
始兴,shixing
汕头,shantou
深圳,shenzhen
顺德,shunde
三水,sanshui
四会,sihui
遂溪,suixixian
汕尾,shanwei
石林,shilin
嵩明,songming
石屏,shiping
师宗,shizong
施甸,sidian
双柏,shuangbai
思茅,simao
绥江,suijiang
水富,shuifu
双江,shuangjiang
上林,shanglin
三江,sanjiang
上思,shangsi
三亚,sanya
圣安多尼,shenganduoni
圣方济各,shnegfangjige
通州,tongzhou
天津,tianjin
塘沽,tanggu
潼南,tongnan
铜梁,tongliang
通河,tonghe
泰来,tailai
铁锋,tiefengqu
汤原,tangyuan
同江,tongjiang
塔河,tahe
铁力,tieli
汤旺河,tangwanghequ
桃山,taoshanqu
图们,tumen
铁西,tiexiqu
铁东,tiedong
通化,tonghua
通化,tonghuaxian
洮南,taonan
通榆,tongyu
洮北,taobeiqu
沈阳铁西,shenyangtiexiqu
台安,taian
铁东,anshantiedong
鞍山铁西,anshantiexiqu
太和,taihequ
太平,taipingqu
太子河,taizihe
铁岭,tieling
铁岭,tielingxian
土左旗,tuzuoqi
托克托,tuoxian
土左旗,tumotezuoqi
托克托,tuoketuo
土右旗,tumoteyouqi
通辽,tongliao
太仆寺,taibusiqi
突泉,tuquan
头道湖,toudaohu
唐县,tangxian
唐山,tangshan
唐海,tanghai
桃城,taochengqu
太原,taiyuan
天镇,tianzhen
太谷,taigu
屯留,tunliu
潼关,tongguan
太白,taibai
铜川,tongchuan
天桥,tianqiaoqu
泰安,taian1
泰山,taishanqu
郯城,tancheng
台儿庄,taierzhuang
滕州,tengzhou
天池,tianchi
天山,tianshan
头屯河,toutunhequ
吐鲁番,tulufan
托克逊,tuokexun
铁干里克,tieganlike
塔中,tazhong
塔什库尔干,tashikuergan
喀什,tashishi
特克斯,tekesi
塔城,tacheng
托里,tuoli
图木舒克,tumushuke
铁门关,tiemenguan
同仁,tongren1
同德,tongde
天峻,tianjun
通渭,tongwei
天祝,tianzhu
天水,tianshui
陶乐,taole
同心,tongxin
汤阴,tangyin
唐河,tanghe
桐柏,tongbai
通许,tongxu
台前,taiqian
太康,taikang
太仓,taicang
通州,tongzhou1
亭湖,tinghuqu
铜山,tongshan1
天宁,tianningqu
泰州,taizhou2
泰兴,taixing
团风,tuanfeng
铁山,tieshan
通城,tongcheng
通山,tongshan
天门,tianmen
桐庐,tonglu
桐乡,tongxiang
台州,taizhou
天台,tiantai
泰顺,taishun
田家庵,tianjiaanqu
太湖,taihu
桐城,tongcheng1
太和,taihe
屯溪,tunxi
天长,tianchang
铜陵,tongling
铜官山,tongguanshanqu
铜陵,tonglingjiaoqu
铜官,tongguanqu
台江,taijiangqu
同安,tongan
泰宁,taining
铜鼓,tonggu
泰和,taihe1
天心,tianxinqu
天元,tianyuanqu
桃源,taoyuan
桃江,taojiang
通道,tongdao
桐梓,tongzi
台江,taijiang
天柱,tianzhu1
铜仁,tongren
通川,tongchuanqu
通江,tongjiang1
天全,tianquan
天河,tianhequ
台山,taishan
太华山,taihuashan
腾冲,tengchong
通海,tonghai
天等,tiandeng
藤县,tengxian
覃塘,tantang
田阳,tianyang
田东,tiandong
田林,tianlin
天峨,tiane
铁山港,tieshangang
天涯,tianyaqu
屯昌,tunchang
台湾,taiwan
台北,taibei
台中,taizhong
台南,tainan
桃园,taoyuanqu
台东,taidong
武清,wuqing
万盛,wansheng
万州,wanzhou
巫溪,wuxi
巫山,wushan
武隆,wulong
五常,wuchang
望奎,wangkui
五大连池,wudalianchi
乌伊岭,wuyiling
五营,wuying
乌马河,wumahequ
汪清,wangqing
瓦房店,wafangdian
望花,wanghuaqu
文圣,wensheng
武川,wuchuan
乌海,wuhai
乌达,wudaqu
乌兰察布,wulanchabu
翁牛特,wengniute
乌审,wushenqi
五原,wuyuan
乌前旗,wuqianqi
乌中旗,wulatezhongqi
乌后旗,wulatehouqi
乌后旗,wuhouqi
乌前旗,wulateqianqi
乌拉盖,wulagai
乌兰浩特,wulanhaote
乌斯太,wusitai
无极,wuji
望都,wangdu
万全,wanquan
围场,weichang
文安,wenan
吴桥,wuqiao
武邑,wuyi
武强,wuqiang
威县,weixian1
魏县,weixian
武安,wuan
万柏林,wanbolinqu
武乡,wuxiang
万荣,wanrong
闻喜,wenxi
五台,wutai
五台山,wutaishan
五寨,wuzhai
文水,wenshui
未央,weiyangqu
武功,wugong
渭城,weicheng
吴起,wuqi
吴堡,wubu
渭南,weinan
渭滨,weibin
王益,wangyiqu
武城,wucheng
潍坊,weifang
潍城,weichengqu
微山,weishan
汶上,wenshang
无棣,wudi
威海,weihai
文登,wendeng
五莲,wulian
乌鲁木齐,wulumuqi
乌市牧试站,wulumuqimushizhan
乌鲁木齐,wulumuqixian
乌尔禾,wuerhe
乌什,wushi
温宿,wensu
乌苏,wusu
乌恰,wuqia
温泉,wenquan
五家渠,wujiaqu
乌兰,wulan
渭源,weiyuan
武威,wuwei
武山,wushan1
武都,wudu
文县,wenxian
吴忠,wuzhong
文峰,wenfengqu
卫辉,weihui
卫滨,weibinqu
魏都,weidu
舞钢,wugang
卫东,weidongqu
宛城,wanchengqu
卧龙,wolongqu
尉氏,weishi
武陟,wuzhi
温县,wenxian1
舞阳,wuyang
无锡,wuxi1
吴中,wuzhong1
吴江,wujiang
维扬,weiyang
武进,wujin
武汉,wuhan
武昌,wuchangqu
武穴,wuxue
五峰,wufeng
伍家岗,wujiagang
吴兴,wuxingqu
温岭,wenling
温州,wenzhou
文成,wencheng
武义,wuyi1
婺城,wuchengqu
五河,wuhe
芜湖,wuhu
芜湖,wuhuxian
无为,wuwei1
望江,wangjiang
武平,wuping
武夷山,wuyishan
湾里,wanliqu
武宁,wuning
婺源,wuyuan1
万年,wannian
万载,wanzai
万安,wanan
望城,wangcheng
武冈,wugang1
武陵源,wulingyuan
乌当,wudang
务川,wuchuan1
瓮安,wengan
万山,wanshan
威宁,weining
望谟,wangmo
温江,wenjiang
武侯,wuhouqu
万源,wanyuan
武胜,wusheng
威远,weiyuanxian
五通桥,wutongqiaoqu
汶川,wenchuan
旺苍,wangcang
翁源,wengyuan
武江,wujiang1
五华,wuhua
吴川,wuchuanshi
五华,wuhuaqu
巍山,weishanxian
文山,wenshan
武定,wuding
威信,weixin
维西,weixi
武鸣,wuming
武宣,wuxuan
梧州,wuzhou
万秀,wanxiu
涠洲岛,weizhoudao
文昌,wenchang
万宁,wanning
五指山,wuzhishan
望德,wangde
西城,xichengqu
徐汇,xuhui
徐家汇,xujiahui
西青,xiqing
秀山,xiushan
香坊,xiangfangqu
向阳,xiangyangqu
逊克,xunke
新林,xinlin
西林,xilinqu
新青,xinqingqu
新兴,xinxingqu
向阳,hegangxiangyang
兴山,xingshanqu
兴安,xinganqu
西安区,xianqu
新民,xinmin
西岗,xigangqu
岫岩,xiuyan
新宾,xinbin
新抚,xinfuqu1
溪湖区,xihuqu
西市,xishiqu
新邱,xinqiuqu
细河,xihequ
西丰,xifeng
兴隆台,xinglongtaiqu
兴城,xingcheng
新城,huhehaotexincheng
希拉穆,xilamuren
兴和,xinghe
锡林浩特,xilinhaote
西乌旗,xiwuzhumuqinqi
西乌旗,xiwuqi
镶黄旗,xianghuang
锡林郭勒,xilingguole
小二沟,xiaoergou
新左旗,xinbaerhuzuoqi
新右旗,xinyouqi
兴安盟,xinganmeng
锡林高勒,xilingaole
行唐,xingtang
辛集,xinji
新乐,xinle
新华,xinhuaqu
徐水,xushui
雄县,xiongxian
宣化,xuanhua
下花园,xiahuayuanqu
兴隆,xinglong
香河,xianghe
献县,xianxian
沧州新华,cangzhouxinhuaqu
邢台,xingtai
新河,xinhe
小店,xiaodianqu
杏花岭,xinghualing
新荣,xinrongqu
昔阳,xiyang
襄垣,xiangyuan
隰县,xixian
襄汾,xiangfen
乡宁,xiangning
新绛,xinjiang1
夏县,xiaxian
忻州,xinzhou
忻府,xinfuqu
兴县,xingxian
孝义,xiaoyi
西安,xian
新城,xincheng
咸阳,xianyang
旬邑,xunyi
兴平,xingping
旬阳,xunyang
西乡,xixiang
夏津,xiajin
新泰,xintai
薛城,xuecheng
小渠子,xiaoquzi
新市,xinshiqu
新和,xinhe1
新源,xinyuan
谢通门,xietongmen
西宁,xining
循化,xunhua
兴海,xinghai
西固,xiguqu
西峰,xifeng1
西和,xihe
夏河,xiahe
兴庆,xingqingqu
西夏,xixiaqu
西吉,xiji
荥阳,xingyang
新密,xinmi
新郑,xinzheng
新乡,xinxiang
新乡,xinxiangxian
许昌,xuchang
襄城,xiangcheng
许昌,xuchangxian
新华,pingdingxinhua
信阳,xinyang
息县,xixian1
新县,xinxian1
西峡,xixia
淅川,xichuan
新野,xinye
祥符,xiangfuqu
新安,xinan
西工,xigongqu
夏邑,xiayi
修武,xiuwu
浚县,xunxian
西华,xihua
项城,xiangcheng1
西平,xiping
新蔡,xincai
陕州,xiazhouqu
玄武,xuanwuqu
下关,xiaguanqu
锡山,xishan
新吴,xinwuqu
相城,xiangchengqu
响水,xiangshui
徐州,xuzhou
新沂,xinyi
盱眙,xuyi
新浦,xinpu
新北,changzhouxinbeiqu
兴化,xinghua
新洲,xinzhou1
襄阳,xiangyang
襄州,xiangzhou1
襄阳襄城,xiangyangxiangcheng
孝感,xiaogan
孝昌,xiaochang
孝南,xiaonanqu
浠水,xishui
下陆,xialu
西塞山,xisaishan
咸宁,xianning
咸安,xianan
兴山,xingshan
猇亭,xiaoting
西陵,xilingqu
咸丰,xianfeng
宣恩,xuanen
仙桃,xiantao
萧山,xiaoshan
下城,xiachengqu
西湖,xihu
秀洲,xiuzhouqu
象山,xiangshan
新昌,xinchang
仙居,xianju
谢家集,xiejiajiqu
萧县,xiaoxian
休宁,xiuning
相山,xiangshanqu
宣城,xuancheng
宣州,xuanzhouqu
厦门,xiamen
翔安,xianganqu
霞浦,xiapu
仙游,xianyou
秀屿港,xiuyugang
秀屿,xiuyu
芗城,zhangzhouxiangcheng
新罗,xinluoqu
新建,xinjian
星子,xingzi
修水,xiushui
浔阳,xunyangqu
信州,xinzhouqu
新干,xingan
峡江,xiajiang
信丰,xinfeng
寻乌,xunwu
兴国,xingguo
湘东,xiangdong
新余,xinyu
湘潭,xiangtan
湘乡,xiangxiang
湘潭,xiangtanxian
新化,xinhua
新邵,xinshao
新宁,xinning
湘阴,xiangyin
新晃,xinhuang
溆浦,xupu
新田,xintian
湘西,xiangxi
息烽,xifeng2
修文,xiuwen
小河,xiaohe
习水,xishui1
西秀,xixiuqu
兴义,xingyi1
兴仁,xingren
新都,xindu
新津,xinjin
攀枝花西区,panzhihuaxiqu
西充,xichong
宣汉,xuanhan
叙永,xuyong
兴文,xingwen
西昌,xichang
喜德,xide
新龙,xinlong
乡城,xiangchengxian
小金,xiaojin
新丰,xinfengxian
兴宁,xingningshi
香洲,xiangzhouqu
徐闻,xuwen
霞山,xiashan
新会,xinhui
新兴,xinxing
湘桥,xiangqiaoqu
信宜,xinyishi
寻甸,xundian
西山,xishanqu
祥云,xiangyun
宣威,xuanwei
西畴,xichou
新平,xinping
西盟,ximeng
香格里拉,xianggelila
西双版纳,xishuangbanna
兴宁,xingning
西乡塘,xixiangtang
忻城,xicheng
象州,xiangzhou
兴宾,xingbin
兴安,xinganxian
秀峰,xiufeng
桂林象山,guilinxiangshan
兴业,xingye
西林,xilinxian
秀英,xiuying
西沙,xisha
新界,xinjie
新北,xinbei
新竹,xinzhu
新竹,xinzhuxian
延庆,yanqing
杨浦,yangpuqu
渝中,yuzhongqu
永川,yongchuan
渝北,yubei
云阳,yunyang
酉阳,youyang
依兰,yilan
延寿,yanshou
依安,yian
阳明,yangmingqu
伊春,yichun
伊春,yichunqu
友谊,youyi
榆树,yushu
永吉,yongji
延边,yanbian
延吉,yanji
伊通,yitong
于洪,yuhongqu
元宝,yuanbaoqu
义县,yixian
营口,yingkou
银州区,yinzhouqu
玉泉,yuquanqu
元宝山,yuanbaoshanqu
伊克乌素,yikewusu
伊金霍洛,yijinhuoluo
牙克石,yakeshi
雅布赖,yabulai
元氏,yuanshi
裕华,yuhuaqu
易县,yixian1
蔚县,yuxian1
阳原,yangyuan
鹰手营子矿,yingshouying
玉田,yutian
永清,yongqing
盐山,yanshan
运河,yunhequ
永年,yongnian
阳曲,yangqu
迎泽,yingzequ
阳高,yanggao
阳泉,yangquan
盂县,yuxian
榆次,yuci
榆社,yushe
阳城,yangcheng
永和,yonghe
翼城,yicheng
尧都,yaodu
运城,yuncheng
垣曲,yuanqu
永济,yongji1
盐湖,yanhuqu
右玉,youyu
应县,yingxian
原平,yuanping
雁塔,yantaqu
阎良,yanliangqu
永寿,yongshou
延安,yanan
延长,yanchang
延川,yanchuan
宜川,yichuan
榆林,yulin
榆阳,yuyang
榆阳,yuyangqu
洋县,yangxian
耀县,yaoxian
宜君,yijun
耀州,yaozhou
印台,yintaiqu
沂源,yiyuan
禹城,yucheng
烟台,yantai
鱼台,yutai
兖州,yanzhou
沂南,yinan
沂水,yishui
郓城,yuncheng1
阳信,yangxin
峄城,yicheng1
阳谷,yanggu
尉犁,yuli
焉耆,yanqi
英吉沙,yingjisha
叶城,yecheng
岳普湖,yuepuhu
伊宁,yining
伊宁,yiningxian
裕民,yumin
伊州,hamiyizhou
伊吾,yiwu
于田,yutian1
亚东,yadong
玉树,yushu1
永登,yongdeng
榆中,yuzhong
永昌,yongchang
玉门,yumen
永靖,yongjing
银川,yinchuan
永宁,yongning
盐池,yanchi
原州,yuanzhou
殷都,yinduqu
原阳,yuanyang
延津,yanjin
鄢陵,yanling
禹州,yuzhou1
叶县,yexian
禹王台,yuwangtaiqu
宜阳,yiyang
伊川,yichuan1
偃师,yanshi1
虞城,yucheng1
永城,yongcheng
源汇,yuanhuiqu
郾城,yanchengqu
驿城,yichengqu
义马,yima
雨花台,yuhuataiqu
宜兴,yixing
扬中,yangzhong
扬州,yangzhou
仪征,yizheng
盐城,yancheng
盐都,yandu
云龙,yunlongqu
宜城,yicheng2
云梦,yunmeng
应城,yingcheng
英山,yingshan
阳新,yangxin1
宜昌,yichang
远安,yuanan
宜都,yidu
夷陵,yiling
郧西,yunxi
郧阳,yunyangqu
余杭,yuhang
余姚,yuyao
鄞州,yinzhou
越城,yuechengqu
玉环,yuhuan
乐清,yueqing
永嘉,yongjia
云和,yunhe
义乌,yiwu1
永康,yongkang
瑶海,yaohai
禹会,yuhuiqu
弋江,yijiangqu
雨山,yushanqu
岳西,yuexi
迎江,yingjiangqu
宜秀,yixiuqu
埇桥,yongqiaoqu
颍上,yingshang
颍州,yingzhouqu
颍泉,yingquanqu
颍东,yingdongqu
黟县,yixian2
义安,yianqu
叶集,yejiqu
裕安,yuan
永泰,yongtai
永春,yongchun
云霄,yunxiao
永定,yongding
尤溪,youxi
永安,yongan
延平,yanping
永修,yongxiu
余干,yugan
弋阳,yiyang2
铅山,yanshan2
玉山,yushan
宜黄,yihuang
宜春,yichun1
宜丰,yifeng
袁州区,yuanzhouqu
永丰,yongfeng
永新,yongxin
于都,yudu
渝水,yushuiqu
鹰潭,yingtan
余江,yujiang
月湖,yuehuqu
岳麓,yueluqu
雨湖,yuhuqu
岳塘,yuetangqu
攸县,youxian
炎陵,yanling1
雁峰,yanfengqu
宜章,yizhang
永兴,yongxing
益阳,yiyang1
沅江,yuanjiang
岳阳,yueyang
岳阳楼,yueyanglouqu
云溪,yunxiqu
岳阳,yueyangxian
张家界永定,yongdingqu
沅陵,yuanling
永州,yongzhou
永顺,yongshun
云岩,yunyan
余庆,yuqing
玉屏,yuping
印江,yinjiang
沿河,yanhe
盐边,yanbian1
沿滩,yantanqu
盐亭,yanting
游仙,youxianqu
营山,yingshanxian
仪陇,yilong
岳池,yuechi
宜宾,yibin
宜宾,yibinxian
盐源,yanyuan
越西,yuexixian
雅安,yaan
荥经,yingjing
雨城,yuchengqu
雅江,yajiang
元坝,yuanbaqu
越秀,yuexiuqu
盐田,yantianqu
源城,yuanchengqu
阳山,yangshan
英德,yingde
云浮,yunfu
郁南,yunan
云安,yunan1
云城,yunchengqu
阳江,yangjiang
阳春,yangchun
阳东,yangdong
阳西,yangxi
宜良,yiliang
云龙,yunlong
漾濞,yangbi
永平,yongping
元阳,yuanyangxian
砚山,yanshanxian
玉溪,yuxi
易门,yimen
元江,yuanjiangxian
元谋,yuanmou
姚安,yaoan
永仁,yongren
彝良,yiliangxian
永善,yongshan
盐津,yanjinxian
永德,yongde
云县,yunxian
永胜,yongsheng
玉龙,yulongnaxi
盈江,yingjiang
邕宁,yongningqu
鱼峰,yufengqu
永福,yongfu
阳朔,yangshuo
雁山,yanshanqu
玉林,yulin1
玉州,yuzhouqu
右江,youjiang
宜州,yizhou
银海,yinhai
崖州,yazhouqu
洋浦,yangpu
云林,yunlin
宜兰,taiwanyilan
忠县,zhongxian
肇东,zhaodong
肇州,zhaozhou
肇源,zhaoyuan
镇赉,zhenlai
庄河,zhuanghe
中山,zhongshanqu1
振兴,zhenxingqu
振安,zhenanqu
站前,zhanqianqu
彰武,zhangwu
卓资,zhuozi
扎鲁特,zhalute
准格尔,zhungeer
正镶白旗,zhengxiangbaiqi
正蓝旗,zhenglanqi
扎兰屯,zhalantun
扎赉诺尔,zhalainuoer
扎赉特,zhalaite
中泉子,zhongquanzi
正定,zhengding
赞皇,zanhuang
赵县,zhaoxian
涿州,zhuozhou
张家口,zhangjiakou
张北,zhangbei
涿鹿,zhuolu
遵化,zunhua
枣强,zaoqiang
左云,zuoyun
左权,zuoquan
长子,zhangzi
泽州,zezhou
中阳,zhongyang
周至,zhouzhi
子长,zichang
志丹,zhidan
子洲,zizhou
柞水,zhashui
镇安,zhenan
紫阳,ziyang
镇坪,zhenping
镇巴,zhenba
章丘,zhangqiu
淄博,zibo
淄川,zichuan
周村,zhoucun
张店,zhangdianqu
招远,zhaoyuan1
芝罘,zhifuqu
诸城,zhucheng
邹城,zoucheng
沾化,zhanhua
邹平,zouping
枣庄,zaozhuang
泽普,zepu
昭苏,zhaosu
仲巴,zhongba
扎囊,zhanang
泽当,zedang
左贡,zuogong
札达,zhada
泽库,zeku
治多,zhiduo
杂多,zaduo
漳县,zhangxian
庄浪,zhuanglang
正宁,zhengning
镇原,zhenyuan
张掖,zhangye
张家川,zhangjiachuan
卓尼,zhuoni
舟曲,zhouqu
中卫,zhongwei
中宁,zhongning
郑州,zhengzhou
中牟,zhongmou
中原,zhongyuanqu
湛河,zhanhequ
镇平,zhenping1
柘城,zhecheng
中站,zhongzhanqu
周口,zhoukou
驻马店,zhumadian
正阳,zhengyang
镇江,zhenjiang
张家港,zhangjiagang
钟楼,zhonglouqu
枣阳,zaoyang
秭归,zigui
枝江,zhijiang
竹溪,zhuxi
竹山,zhushan
张湾,zhangwan
曾都,zengduqu
钟祥,zhongxiang
镇海,zhenhai
诸暨,zhuji
舟山,zhoushan
枞阳,zongyang
周宁,zhouning
柘荣,zherong
漳州,zhangzhou
漳浦,zhangpu
诏安,zhaoan
漳平,zhangping
政和,zhenghe
资溪,zixi
樟树,zhangshu
章贡,zhanggongqu
珠山,zhushanqu
株洲,zhuzhou
株洲,zhuzhouxian
珠晖,zhuhuiqu
蒸湘,zhengxiangqu
资兴,zixing
资阳,ziyangqu
张家界,zhangjiajie
芷江,zhijiang1
中方,zhongfang
遵义,zunyi
正安,zhengan
镇宁,zhenning
紫云,ziyun
镇远,zhenyuan1
织金,zhijin
钟山,zhongshanqu
贞丰,zhenfeng
自贡,zigong
自流井,ziliujingqu
梓潼,zitong
资中,zizhong
资阳,ziyang1
昭觉,zhaojue
中江,zhongjiang
昭化,zhaohuaqu
增城,zengcheng
浈江,zhenjiang1
珠海,zhuhai
肇庆,zhaoqing
湛江,zhanjiang
紫金,zijin
中山,zhongshan
沾益,zhanyi
镇沅,zhenyuanxian
昭通,zhaotong
镇雄,zhenxiong
昭阳,zhaoyangqu
镇康,zhenkang
中甸,zhongdian
资源,ziyuan
昭平,zhaoping
钟山,zhongshanxian
昭平,zhaopingqu
彰化,zhanghua
